location,parameter,value,date,unit,coordinates,country,city
Amsterdam-Vondelpark,pm25,11.4,"{'utc': '2021-02-27T03:00:00+00:00', 'local': '2021-02-27T04:00:00+01:00'}",µg/m³,"{'latitude': 52.359714000013874, 'longitude': 4.866208000411839}",NL,
Amsterdam-Vondelpark,pm25,13.2,"{'utc': '2021-04-30T04:00:00+00:00', 'local': '2021-04-30T06:00:00+02:00'}",µg/m³,"{'latitude': 52.359714000013874, 'longitude': 4.866208000411839}",NL,
Amsterdam-Vondelpark,pm25,7.6,"{'utc': '2021-05-31T14:00:00+00:00', 'local': '2021-05-31T16:00:00+02:00'}",µg/m³,"{'latitude': 52.359714000013874, 'longitude': 4.866208000411839}",NL,
Amsterdam-Vondelpark,pm25,11.0,"{'utc': '2021-06-30T21:00:00+00:00', 'local': '2021-06-30T23:00:00+02:00'}",µg/m³,"{'latitude': 52.359714000013874, 'longitude': 4.866208000411839}",NL,
Amsterdam-Vondelpark,pm25,50.9,"{'utc': '2021-07-25T03:00:00+00:00', 'local': '2021-07-25T05:00:00+02:00'}",µg/m³,"{'latitude': 52.359714000013874, 'longitude': 4.866208000411839}",NL,
Amsterdam-Vondelpark,pm25,6.9,"{'utc': '2021-08-31T23:00:00+00:00', 'local': '2021-09-01T01:00:00+02:00'}",µg/m³,"{'latitude': 52.359714000013874, 'longitude': 4.866208000411839}",NL,
Amsterdam-Vondelpark,pm25,41.4,"{'utc': '2021-12-31T23:00:00+00:00', 'local': '2022-01-01T00:00:00+01:00'}",µg/m³,"{'latitude': 52.359714000013874, 'longitude': 4.866208000411839}",NL,
Amsterdam-Vondelpark,pm25,10.1,"{'utc': '2022-05-31T23:00:00+00:00', 'local': '2022-06-01T01:00:00+02:00'}",µg/m³,"{'latitude': 52.359714000013874, 'longitude': 4.866208000411839}",NL,
Amsterdam-Vondelpark,pm25,4.1,"{'utc': '2023-01-31T23:00:00+00:00', 'local': '2023-02-01T00:00:00+01:00'}",µg/m³,"{'latitude': 52.359714000013874, 'longitude': 4.866208000411839}",NL,
Amsterdam-Vondelpark,pm25,8.7,"{'utc': '2023-02-28T03:00:00+00:00', 'local': '2023-02-28T04:00:00+01:00'}",µg/m³,"{'latitude': 52.359714000013874, 'longitude': 4.866208000411839}",NL,
Amsterdam-Vondelpark,pm25,10.4,"{'utc': '2023-03-31T23:00:00+00:00', 'local': '2023-04-01T01:00:00+02:00'}",µg/m³,"{'latitude': 52.359714000013874, 'longitude': 4.866208000411839}",NL,
Amsterdam-Vondelpark,pm25,2.8,"{'utc': '2023-04-30T23:00:00+00:00', 'local': '2023-05-01T01:00:00+02:00'}",µg/m³,"{'latitude': 52.359714000013874, 'longitude': 4.866208000411839}",NL,
Amsterdam-Vondelpark,pm25,5.6,"{'utc': '2023-05-31T23:00:00+00:00', 'local': '2023-06-01T01:00:00+02:00'}",µg/m³,"{'latitude': 52.359714000013874, 'longitude': 4.866208000411839}",NL,
Amsterdam-Vondelpark,pm25,4.4,"{'utc': '2023-06-30T22:00:00+00:00', 'local': '2023-07-01T00:00:00+02:00'}",µg/m³,"{'latitude': 52.359714000013874, 'longitude': 4.866208000411839}",NL,
Amsterdam-Vondelpark,pm25,2.9,"{'utc': '2023-07-31T23:00:00+00:00', 'local': '2023-08-01T01:00:00+02:00'}",µg/m³,"{'latitude': 52.359714000013874, 'longitude': 4.866208000411839}",NL,
Amsterdam-Vondelpark,pm25,8.2,"{'utc': '2023-08-31T23:00:00+00:00', 'local': '2023-09-01T01:00:00+02:00'}",µg/m³,"{'latitude': 52.359714000013874, 'longitude': 4.866208000411839}",NL,
Amsterdam-Vondelpark,pm25,10.8,"{'utc': '2023-09-30T23:00:00+00:00', 'local': '2023-10-01T01:00:00+02:00'}",µg/m³,"{'latitude': 52.359714000013874, 'longitude': 4.866208000411839}",NL,
Amsterdam-Vondelpark,pm10,28.8,"{'utc': '2021-02-27T03:00:00+00:00', 'local': '2021-02-27T04:00:00+01:00'}",µg/m³,"{'latitude': 52.359714000013874, 'longitude': 4.866208000411839}",NL,
Amsterdam-Vondelpark,pm10,26.1,"{'utc': '2021-04-30T04:00:00+00:00', 'local': '2021-04-30T06:00:00+02:00'}",µg/m³,"{'latitude': 52.359714000013874, 'longitude': 4.866208000411839}",NL,
Amsterdam-Vondelpark,pm10,9.8,"{'utc': '2021-05-31T14:00:00+00:00', 'local': '2021-05-31T16:00:00+02:00'}",µg/m³,"{'latitude': 52.359714000013874, 'longitude': 4.866208000411839}",NL,
Amsterdam-Vondelpark,pm10,18.9,"{'utc': '2021-06-30T21:00:00+00:00', 'local': '2021-06-30T23:00:00+02:00'}",µg/m³,"{'latitude': 52.359714000013874, 'longitude': 4.866208000411839}",NL,
Amsterdam-Vondelpark,pm10,53.7,"{'utc': '2021-07-25T03:00:00+00:00', 'local': '2021-07-25T05:00:00+02:00'}",µg/m³,"{'latitude': 52.359714000013874, 'longitude': 4.866208000411839}",NL,
Amsterdam-Vondelpark,pm10,16.5,"{'utc': '2021-08-31T23:00:00+00:00', 'local': '2021-09-01T01:00:00+02:00'}",µg/m³,"{'latitude': 52.359714000013874, 'longitude': 4.866208000411839}",NL,
Amsterdam-Vondelpark,pm10,49.3,"{'utc': '2021-12-31T23:00:00+00:00', 'local': '2022-01-01T00:00:00+01:00'}",µg/m³,"{'latitude': 52.359714000013874, 'longitude': 4.866208000411839}",NL,
Amsterdam-Vondelpark,pm10,11.5,"{'utc': '2022-05-31T23:00:00+00:00', 'local': '2022-06-01T01:00:00+02:00'}",µg/m³,"{'latitude': 52.359714000013874, 'longitude': 4.866208000411839}",NL,
FR04012,pm10,4.1,"{'utc': '2021-01-31T23:00:00+00:00', 'local': '2021-02-01T00:00:00+01:00'}",µg/m³,"{'latitude': 48.8277822163547, 'longitude': 2.32749896854232}",FR,
FR04012,pm10,27.3,"{'utc': '2021-02-17T10:00:00+00:00', 'local': '2021-02-17T11:00:00+01:00'}",µg/m³,"{'latitude': 48.8277822163547, 'longitude': 2.32749896854232}",FR,
FR04012,pm10,57.8,"{'utc': '2021-03-31T01:00:00+00:00', 'local': '2021-03-31T03:00:00+02:00'}",µg/m³,"{'latitude': 48.8277822163547, 'longitude': 2.32749896854232}",FR,
FR04012,pm10,28.3,"{'utc': '2021-04-30T01:00:00+00:00', 'local': '2021-04-30T03:00:00+02:00'}",µg/m³,"{'latitude': 48.8277822163547, 'longitude': 2.32749896854232}",FR,
FR04012,pm10,30.5,"{'utc': '2021-05-31T05:00:00+00:00', 'local': '2021-05-31T07:00:00+02:00'}",µg/m³,"{'latitude': 48.8277822163547, 'longitude': 2.32749896854232}",FR,
FR04012,pm10,11.6,"{'utc': '2021-06-29T15:00:00+00:00', 'local': '2021-06-29T17:00:00+02:00'}",µg/m³,"{'latitude': 48.8277822163547, 'longitude': 2.32749896854232}",FR,
FR04012,pm10,17.8,"{'utc': '2021-07-25T05:00:00+00:00', 'local': '2021-07-25T07:00:00+02:00'}",µg/m³,"{'latitude': 48.8277822163547, 'longitude': 2.32749896854232}",FR,
FR04012,pm10,27.9,"{'utc': '2021-08-31T22:00:00+00:00', 'local': '2021-09-01T00:00:00+02:00'}",µg/m³,"{'latitude': 48.8277822163547, 'longitude': 2.32749896854232}",FR,
FR04012,pm10,24.7,"{'utc': '2021-09-30T23:00:00+00:00', 'local': '2021-10-01T01:00:00+02:00'}",µg/m³,"{'latitude': 48.8277822163547, 'longitude': 2.32749896854232}",FR,
FR04012,pm10,9.4,"{'utc': '2021-10-31T05:00:00+00:00', 'local': '2021-10-31T06:00:00+01:00'}",µg/m³,"{'latitude': 48.8277822163547, 'longitude': 2.32749896854232}",FR,
FR04012,pm10,16.4,"{'utc': '2021-11-30T23:00:00+00:00', 'local': '2021-12-01T00:00:00+01:00'}",µg/m³,"{'latitude': 48.8277822163547, 'longitude': 2.32749896854232}",FR,
FR04012,pm10,30.7,"{'utc': '2021-12-31T23:00:00+00:00', 'local': '2022-01-01T00:00:00+01:00'}",µg/m³,"{'latitude': 48.8277822163547, 'longitude': 2.32749896854232}",FR,
FR04012,pm10,31.9,"{'utc': '2022-01-31T19:00:00+00:00', 'local': '2022-01-31T20:00:00+01:00'}",µg/m³,"{'latitude': 48.8277822163547, 'longitude': 2.32749896854232}",FR,
FR04012,pm10,40.2,"{'utc': '2022-02-28T23:00:00+00:00', 'local': '2022-03-01T00:00:00+01:00'}",µg/m³,"{'latitude': 48.8277822163547, 'longitude': 2.32749896854232}",FR,
FR04012,pm10,14.7,"{'utc': '2022-03-31T23:00:00+00:00', 'local': '2022-04-01T01:00:00+02:00'}",µg/m³,"{'latitude': 48.8277822163547, 'longitude': 2.32749896854232}",FR,
FR04012,pm10,18.0,"{'utc': '2022-04-30T23:00:00+00:00', 'local': '2022-05-01T01:00:00+02:00'}",µg/m³,"{'latitude': 48.8277822163547, 'longitude': 2.32749896854232}",FR,
FR04012,pm10,19.3,"{'utc': '2022-05-31T23:00:00+00:00', 'local': '2022-06-01T01:00:00+02:00'}",µg/m³,"{'latitude': 48.8277822163547, 'longitude': 2.32749896854232}",FR,
FR04012,pm10,15.7,"{'utc': '2022-06-30T23:00:00+00:00', 'local': '2022-07-01T01:00:00+02:00'}",µg/m³,"{'latitude': 48.8277822163547, 'longitude': 2.32749896854232}",FR,
FR04012,pm10,13.1,"{'utc': '2022-07-31T23:00:00+00:00', 'local': '2022-08-01T01:00:00+02:00'}",µg/m³,"{'latitude': 48.8277822163547, 'longitude': 2.32749896854232}",FR,
FR04012,pm10,29.8,"{'utc': '2022-08-31T23:00:00+00:00', 'local': '2022-09-01T01:00:00+02:00'}",µg/m³,"{'latitude': 48.8277822163547, 'longitude': 2.32749896854232}",FR,
FR04012,pm10,17.3,"{'utc': '2022-09-30T23:00:00+00:00', 'local': '2022-10-01T01:00:00+02:00'}",µg/m³,"{'latitude': 48.8277822163547, 'longitude': 2.32749896854232}",FR,
FR04012,pm10,48.8,"{'utc': '2022-10-28T18:00:00+00:00', 'local': '2022-10-28T20:00:00+02:00'}",µg/m³,"{'latitude': 48.8277822163547, 'longitude': 2.32749896854232}",FR,
FR04012,pm10,37.2,"{'utc': '2022-11-30T23:00:00+00:00', 'local': '2022-12-01T00:00:00+01:00'}",µg/m³,"{'latitude': 48.8277822163547, 'longitude': 2.32749896854232}",FR,
FR04012,pm10,15.1,"{'utc': '2022-12-31T23:00:00+00:00', 'local': '2023-01-01T00:00:00+01:00'}",µg/m³,"{'latitude': 48.8277822163547, 'longitude': 2.32749896854232}",FR,
FR04012,pm10,17.1,"{'utc': '2023-01-31T23:00:00+00:00', 'local': '2023-02-01T00:00:00+01:00'}",µg/m³,"{'latitude': 48.8277822163547, 'longitude': 2.32749896854232}",FR,
FR04012,pm10,62.0,"{'utc': '2023-02-16T00:00:00+00:00', 'local': '2023-02-16T01:00:00+01:00'}",µg/m³,"{'latitude': 48.8277822163547, 'longitude': 2.32749896854232}",FR,
FR04012,pm10,13.2,"{'utc': '2023-03-31T23:00:00+00:00', 'local': '2023-04-01T01:00:00+02:00'}",µg/m³,"{'latitude': 48.8277822163547, 'longitude': 2.32749896854232}",FR,
FR04012,pm10,30.4,"{'utc': '2023-04-30T23:00:00+00:00', 'local': '2023-05-01T01:00:00+02:00'}",µg/m³,"{'latitude': 48.8277822163547, 'longitude': 2.32749896854232}",FR,
FR04012,pm10,34.0,"{'utc': '2023-05-31T23:00:00+00:00', 'local': '2023-06-01T01:00:00+02:00'}",µg/m³,"{'latitude': 48.8277822163547, 'longitude': 2.32749896854232}",FR,
FR04012,pm10,36.5,"{'utc': '2023-06-14T02:00:00+00:00', 'local': '2023-06-14T04:00:00+02:00'}",µg/m³,"{'latitude': 48.8277822163547, 'longitude': 2.32749896854232}",FR,
FR04012,pm10,12.0,"{'utc': '2023-08-31T23:00:00+00:00', 'local': '2023-09-01T01:00:00+02:00'}",µg/m³,"{'latitude': 48.8277822163547, 'longitude': 2.32749896854232}",FR,
FR04012,pm10,30.3,"{'utc': '2023-09-30T23:00:00+00:00', 'local': '2023-10-01T01:00:00+02:00'}",µg/m³,"{'latitude': 48.8277822163547, 'longitude': 2.32749896854232}",FR,
FR04012,pm10,15.3,"{'utc': '2023-10-31T23:00:00+00:00', 'local': '2023-11-01T00:00:00+01:00'}",µg/m³,"{'latitude': 48.8277822163547, 'longitude': 2.32749896854232}",FR,
FR04012,pm10,25.2,"{'utc': '2023-11-30T23:00:00+00:00', 'local': '2023-12-01T00:00:00+01:00'}",µg/m³,"{'latitude': 48.8277822163547, 'longitude': 2.32749896854232}",FR,
FR04012,pm10,18.6,"{'utc': '2023-12-31T23:00:00+00:00', 'local': '2024-01-01T00:00:00+01:00'}",µg/m³,"{'latitude': 48.8277822163547, 'longitude': 2.32749896854232}",FR,
Amsterdam-Hoogtij,so2,0.3,"{'utc': '2021-02-27T03:00:00+00:00', 'local': '2021-02-27T04:00:00+01:00'}",µg/m³,"{'latitude': 52.42801700027339, 'longitude': 4.7734780002434976}",NL,
Amsterdam-Hoogtij,so2,-0.4,"{'utc': '2021-04-30T04:00:00+00:00', 'local': '2021-04-30T06:00:00+02:00'}",µg/m³,"{'latitude': 52.42801700027339, 'longitude': 4.7734780002434976}",NL,
Amsterdam-Hoogtij,so2,-0.2,"{'utc': '2021-05-31T14:00:00+00:00', 'local': '2021-05-31T16:00:00+02:00'}",µg/m³,"{'latitude': 52.42801700027339, 'longitude': 4.7734780002434976}",NL,
Amsterdam-Hoogtij,so2,-0.1,"{'utc': '2021-06-30T21:00:00+00:00', 'local': '2021-06-30T23:00:00+02:00'}",µg/m³,"{'latitude': 52.42801700027339, 'longitude': 4.7734780002434976}",NL,
Amsterdam-Hoogtij,so2,0.0,"{'utc': '2021-07-25T03:00:00+00:00', 'local': '2021-07-25T05:00:00+02:00'}",µg/m³,"{'latitude': 52.42801700027339, 'longitude': 4.7734780002434976}",NL,
Amsterdam-Hoogtij,so2,-0.2,"{'utc': '2021-08-31T23:00:00+00:00', 'local': '2021-09-01T01:00:00+02:00'}",µg/m³,"{'latitude': 52.42801700027339, 'longitude': 4.7734780002434976}",NL,
Amsterdam-Hoogtij,so2,0.3,"{'utc': '2021-12-31T23:00:00+00:00', 'local': '2022-01-01T00:00:00+01:00'}",µg/m³,"{'latitude': 52.42801700027339, 'longitude': 4.7734780002434976}",NL,
Amsterdam-Hoogtij,so2,-0.2,"{'utc': '2023-01-31T23:00:00+00:00', 'local': '2023-02-01T00:00:00+01:00'}",µg/m³,"{'latitude': 52.42801700027339, 'longitude': 4.7734780002434976}",NL,
Amsterdam-Hoogtij,so2,0.0,"{'utc': '2023-02-28T03:00:00+00:00', 'local': '2023-02-28T04:00:00+01:00'}",µg/m³,"{'latitude': 52.42801700027339, 'longitude': 4.7734780002434976}",NL,
Amsterdam-Hoogtij,so2,0.6,"{'utc': '2023-03-31T23:00:00+00:00', 'local': '2023-04-01T01:00:00+02:00'}",µg/m³,"{'latitude': 52.42801700027339, 'longitude': 4.7734780002434976}",NL,
Amsterdam-Hoogtij,so2,1.8,"{'utc': '2023-04-30T23:00:00+00:00', 'local': '2023-05-01T01:00:00+02:00'}",µg/m³,"{'latitude': 52.42801700027339, 'longitude': 4.7734780002434976}",NL,
Amsterdam-Hoogtij,so2,0.0,"{'utc': '2023-05-31T23:00:00+00:00', 'local': '2023-06-01T01:00:00+02:00'}",µg/m³,"{'latitude': 52.42801700027339, 'longitude': 4.7734780002434976}",NL,
Amsterdam-Hoogtij,so2,0.1,"{'utc': '2023-06-30T22:00:00+00:00', 'local': '2023-07-01T00:00:00+02:00'}",µg/m³,"{'latitude': 52.42801700027339, 'longitude': 4.7734780002434976}",NL,
Amsterdam-Hoogtij,so2,0.0,"{'utc': '2023-07-31T23:00:00+00:00', 'local': '2023-08-01T01:00:00+02:00'}",µg/m³,"{'latitude': 52.42801700027339, 'longitude': 4.7734780002434976}",NL,
Amsterdam-Hoogtij,so2,1.0,"{'utc': '2023-08-31T23:00:00+00:00', 'local': '2023-09-01T01:00:00+02:00'}",µg/m³,"{'latitude': 52.42801700027339, 'longitude': 4.7734780002434976}",NL,
Amsterdam-Hoogtij,so2,1.2,"{'utc': '2023-09-30T23:00:00+00:00', 'local': '2023-10-01T01:00:00+02:00'}",µg/m³,"{'latitude': 52.42801700027339, 'longitude': 4.7734780002434976}",NL,
Amsterdam-Vondelpark,no2,27.4,"{'utc': '2021-02-27T03:00:00+00:00', 'local': '2021-02-27T04:00:00+01:00'}",µg/m³,"{'latitude': 52.359714000013874, 'longitude': 4.866208000411839}",NL,
Amsterdam-Vondelpark,no2,26.0,"{'utc': '2021-04-30T04:00:00+00:00', 'local': '2021-04-30T06:00:00+02:00'}",µg/m³,"{'latitude': 52.359714000013874, 'longitude': 4.866208000411839}",NL,
Amsterdam-Vondelpark,no2,6.7,"{'utc': '2021-05-31T14:00:00+00:00', 'local': '2021-05-31T16:00:00+02:00'}",µg/m³,"{'latitude': 52.359714000013874, 'longitude': 4.866208000411839}",NL,
Amsterdam-Vondelpark,no2,17.9,"{'utc': '2021-06-30T21:00:00+00:00', 'local': '2021-06-30T23:00:00+02:00'}",µg/m³,"{'latitude': 52.359714000013874, 'longitude': 4.866208000411839}",NL,
Amsterdam-Vondelpark,no2,15.6,"{'utc': '2021-07-25T03:00:00+00:00', 'local': '2021-07-25T05:00:00+02:00'}",µg/m³,"{'latitude': 52.359714000013874, 'longitude': 4.866208000411839}",NL,
Amsterdam-Vondelpark,no2,8.4,"{'utc': '2021-08-31T23:00:00+00:00', 'local': '2021-09-01T01:00:00+02:00'}",µg/m³,"{'latitude': 52.359714000013874, 'longitude': 4.866208000411839}",NL,
Amsterdam-Vondelpark,no2,11.9,"{'utc': '2021-12-31T23:00:00+00:00', 'local': '2022-01-01T00:00:00+01:00'}",µg/m³,"{'latitude': 52.359714000013874, 'longitude': 4.866208000411839}",NL,
Amsterdam-Vondelpark,no2,9.2,"{'utc': '2022-05-31T23:00:00+00:00', 'local': '2022-06-01T01:00:00+02:00'}",µg/m³,"{'latitude': 52.359714000013874, 'longitude': 4.866208000411839}",NL,
Amsterdam-Vondelpark,no2,6.5,"{'utc': '2023-01-31T23:00:00+00:00', 'local': '2023-02-01T00:00:00+01:00'}",µg/m³,"{'latitude': 52.359714000013874, 'longitude': 4.866208000411839}",NL,
Amsterdam-Vondelpark,no2,10.3,"{'utc': '2023-02-28T03:00:00+00:00', 'local': '2023-02-28T04:00:00+01:00'}",µg/m³,"{'latitude': 52.359714000013874, 'longitude': 4.866208000411839}",NL,
Amsterdam-Vondelpark,no2,12.2,"{'utc': '2023-03-31T23:00:00+00:00', 'local': '2023-04-01T01:00:00+02:00'}",µg/m³,"{'latitude': 52.359714000013874, 'longitude': 4.866208000411839}",NL,
Amsterdam-Vondelpark,no2,14.6,"{'utc': '2023-04-30T23:00:00+00:00', 'local': '2023-05-01T01:00:00+02:00'}",µg/m³,"{'latitude': 52.359714000013874, 'longitude': 4.866208000411839}",NL,
Amsterdam-Vondelpark,no2,3.3,"{'utc': '2023-05-31T23:00:00+00:00', 'local': '2023-06-01T01:00:00+02:00'}",µg/m³,"{'latitude': 52.359714000013874, 'longitude': 4.866208000411839}",NL,
Amsterdam-Vondelpark,no2,5.8,"{'utc': '2023-06-30T22:00:00+00:00', 'local': '2023-07-01T00:00:00+02:00'}",µg/m³,"{'latitude': 52.359714000013874, 'longitude': 4.866208000411839}",NL,
Amsterdam-Vondelpark,no2,7.1,"{'utc': '2023-07-31T23:00:00+00:00', 'local': '2023-08-01T01:00:00+02:00'}",µg/m³,"{'latitude': 52.359714000013874, 'longitude': 4.866208000411839}",NL,
Amsterdam-Vondelpark,no2,19.7,"{'utc': '2023-08-31T23:00:00+00:00', 'local': '2023-09-01T01:00:00+02:00'}",µg/m³,"{'latitude': 52.359714000013874, 'longitude': 4.866208000411839}",NL,
Amsterdam-Vondelpark,no2,18.0,"{'utc': '2023-09-30T23:00:00+00:00', 'local': '2023-10-01T01:00:00+02:00'}",µg/m³,"{'latitude': 52.359714000013874, 'longitude': 4.866208000411839}",NL,
FR04012,no2,27.4,"{'utc': '2021-01-31T23:00:00+00:00', 'local': '2021-02-01T00:00:00+01:00'}",µg/m³,"{'latitude': 48.8277822163547, 'longitude': 2.32749896854232}",FR,
FR04012,no2,27.3,"{'utc': '2021-02-28T23:00:00+00:00', 'local': '2021-03-01T00:00:00+01:00'}",µg/m³,"{'latitude': 48.8277822163547, 'longitude': 2.32749896854232}",FR,
FR04012,no2,103.7,"{'utc': '2021-03-31T02:00:00+00:00', 'local': '2021-03-31T04:00:00+02:00'}",µg/m³,"{'latitude': 48.8277822163547, 'longitude': 2.32749896854232}",FR,
FR04012,no2,16.4,"{'utc': '2021-04-30T02:00:00+00:00', 'local': '2021-04-30T04:00:00+02:00'}",µg/m³,"{'latitude': 48.8277822163547, 'longitude': 2.32749896854232}",FR,
FR04012,no2,69.0,"{'utc': '2021-05-31T06:00:00+00:00', 'local': '2021-05-31T08:00:00+02:00'}",µg/m³,"{'latitude': 48.8277822163547, 'longitude': 2.32749896854232}",FR,
FR04012,no2,50.5,"{'utc': '2021-06-29T18:00:00+00:00', 'local': '2021-06-29T20:00:00+02:00'}",µg/m³,"{'latitude': 48.8277822163547, 'longitude': 2.32749896854232}",FR,
FR04012,no2,26.9,"{'utc': '2021-07-25T06:00:00+00:00', 'local': '2021-07-25T08:00:00+02:00'}",µg/m³,"{'latitude': 48.8277822163547, 'longitude': 2.32749896854232}",FR,
FR04012,no2,29.0,"{'utc': '2021-08-31T23:00:00+00:00', 'local': '2021-09-01T01:00:00+02:00'}",µg/m³,"{'latitude': 48.8277822163547, 'longitude': 2.32749896854232}",FR,
FR04012,no2,65.6,"{'utc': '2021-09-30T16:00:00+00:00', 'local': '2021-09-30T18:00:00+02:00'}",µg/m³,"{'latitude': 48.8277822163547, 'longitude': 2.32749896854232}",FR,
FR04012,no2,43.6,"{'utc': '2021-10-31T23:00:00+00:00', 'local': '2021-11-01T00:00:00+01:00'}",µg/m³,"{'latitude': 48.8277822163547, 'longitude': 2.32749896854232}",FR,
FR04012,no2,18.6,"{'utc': '2021-11-30T23:00:00+00:00', 'local': '2021-12-01T00:00:00+01:00'}",µg/m³,"{'latitude': 48.8277822163547, 'longitude': 2.32749896854232}",FR,
FR04012,no2,53.0,"{'utc': '2021-12-31T23:00:00+00:00', 'local': '2022-01-01T00:00:00+01:00'}",µg/m³,"{'latitude': 48.8277822163547, 'longitude': 2.32749896854232}",FR,
FR04012,no2,52.6,"{'utc': '2022-01-31T21:00:00+00:00', 'local': '2022-01-31T22:00:00+01:00'}",µg/m³,"{'latitude': 48.8277822163547, 'longitude': 2.32749896854232}",FR,
FR04012,no2,84.0,"{'utc': '2022-02-28T23:00:00+00:00', 'local': '2022-03-01T00:00:00+01:00'}",µg/m³,"{'latitude': 48.8277822163547, 'longitude': 2.32749896854232}",FR,
FR04012,no2,20.4,"{'utc': '2022-03-31T23:00:00+00:00', 'local': '2022-04-01T01:00:00+02:00'}",µg/m³,"{'latitude': 48.8277822163547, 'longitude': 2.32749896854232}",FR,
FR04012,no2,36.3,"{'utc': '2022-04-30T23:00:00+00:00', 'local': '2022-05-01T01:00:00+02:00'}",µg/m³,"{'latitude': 48.8277822163547, 'longitude': 2.32749896854232}",FR,
FR04012,no2,50.1,"{'utc': '2022-05-31T23:00:00+00:00', 'local': '2022-06-01T01:00:00+02:00'}",µg/m³,"{'latitude': 48.8277822163547, 'longitude': 2.32749896854232}",FR,
FR04012,no2,33.1,"{'utc': '2022-06-30T23:00:00+00:00', 'local': '2022-07-01T01:00:00+02:00'}",µg/m³,"{'latitude': 48.8277822163547, 'longitude': 2.32749896854232}",FR,
FR04012,no2,22.6,"{'utc': '2022-07-31T23:00:00+00:00', 'local': '2022-08-01T01:00:00+02:00'}",µg/m³,"{'latitude': 48.8277822163547, 'longitude': 2.32749896854232}",FR,
FR04012,no2,38.9,"{'utc': '2022-08-31T23:00:00+00:00', 'local': '2022-09-01T01:00:00+02:00'}",µg/m³,"{'latitude': 48.8277822163547, 'longitude': 2.32749896854232}",FR,
FR04012,no2,28.4,"{'utc': '2022-09-30T23:00:00+00:00', 'local': '2022-10-01T01:00:00+02:00'}",µg/m³,"{'latitude': 48.8277822163547, 'longitude': 2.32749896854232}",FR,
FR04012,no2,84.1,"{'utc': '2022-10-28T19:00:00+00:00', 'local': '2022-10-28T21:00:00+02:00'}",µg/m³,"{'latitude': 48.8277822163547, 'longitude': 2.32749896854232}",FR,
FR04012,no2,35.8,"{'utc': '2022-11-30T23:00:00+00:00', 'local': '2022-12-01T00:00:00+01:00'}",µg/m³,"{'latitude': 48.8277822163547, 'longitude': 2.32749896854232}",FR,
FR04012,no2,34.4,"{'utc': '2022-12-31T23:00:00+00:00', 'local': '2023-01-01T00:00:00+01:00'}",µg/m³,"{'latitude': 48.8277822163547, 'longitude': 2.32749896854232}",FR,
FR04012,no2,21.8,"{'utc': '2023-01-31T23:00:00+00:00', 'local': '2023-02-01T00:00:00+01:00'}",µg/m³,"{'latitude': 48.8277822163547, 'longitude': 2.32749896854232}",FR,
FR04012,no2,77.5,"{'utc': '2023-02-16T00:00:00+00:00', 'local': '2023-02-16T01:00:00+01:00'}",µg/m³,"{'latitude': 48.8277822163547, 'longitude': 2.32749896854232}",FR,
FR04012,no2,10.9,"{'utc': '2023-03-31T23:00:00+00:00', 'local': '2023-04-01T01:00:00+02:00'}",µg/m³,"{'latitude': 48.8277822163547, 'longitude': 2.32749896854232}",FR,
FR04012,no2,79.5,"{'utc': '2023-04-30T23:00:00+00:00', 'local': '2023-05-01T01:00:00+02:00'}",µg/m³,"{'latitude': 48.8277822163547, 'longitude': 2.32749896854232}",FR,
FR04012,no2,30.5,"{'utc': '2023-05-31T23:00:00+00:00', 'local': '2023-06-01T01:00:00+02:00'}",µg/m³,"{'latitude': 48.8277822163547, 'longitude': 2.32749896854232}",FR,
FR04012,no2,32.8,"{'utc': '2023-06-14T03:00:00+00:00', 'local': '2023-06-14T05:00:00+02:00'}",µg/m³,"{'latitude': 48.8277822163547, 'longitude': 2.32749896854232}",FR,
FR04012,no2,16.8,"{'utc': '2023-08-31T23:00:00+00:00', 'local': '2023-09-01T01:00:00+02:00'}",µg/m³,"{'latitude': 48.8277822163547, 'longitude': 2.32749896854232}",FR,
FR04012,no2,71.0,"{'utc': '2023-09-30T23:00:00+00:00', 'local': '2023-10-01T01:00:00+02:00'}",µg/m³,"{'latitude': 48.8277822163547, 'longitude': 2.32749896854232}",FR,
FR04012,no2,26.1,"{'utc': '2023-10-31T23:00:00+00:00', 'local': '2023-11-01T00:00:00+01:00'}",µg/m³,"{'latitude': 48.8277822163547, 'longitude': 2.32749896854232}",FR,
FR04012,no2,32.4,"{'utc': '2023-11-30T23:00:00+00:00', 'local': '2023-12-01T00:00:00+01:00'}",µg/m³,"{'latitude': 48.8277822163547, 'longitude': 2.32749896854232}",FR,
FR04012,no2,22.2,"{'utc': '2023-12-31T23:00:00+00:00', 'local': '2024-01-01T00:00:00+01:00'}",µg/m³,"{'latitude': 48.8277822163547, 'longitude': 2.32749896854232}",FR,
Amsterdam-Vondelpark,co,0.2906,"{'utc': '2021-02-27T03:00:00+00:00', 'local': '2021-02-27T04:00:00+01:00'}",µg/m³,"{'latitude': 52.359714000013874, 'longitude': 4.866208000411839}",NL,
Amsterdam-Vondelpark,co,0.3145,"{'utc': '2021-04-30T04:00:00+00:00', 'local': '2021-04-30T06:00:00+02:00'}",µg/m³,"{'latitude': 52.359714000013874, 'longitude': 4.866208000411839}",NL,
Amsterdam-Vondelpark,co,0.3278,"{'utc': '2021-05-31T14:00:00+00:00', 'local': '2021-05-31T16:00:00+02:00'}",µg/m³,"{'latitude': 52.359714000013874, 'longitude': 4.866208000411839}",NL,
Amsterdam-Vondelpark,co,0.4307,"{'utc': '2021-06-30T21:00:00+00:00', 'local': '2021-06-30T23:00:00+02:00'}",µg/m³,"{'latitude': 52.359714000013874, 'longitude': 4.866208000411839}",NL,
Amsterdam-Vondelpark,co,0.3933,"{'utc': '2021-07-25T03:00:00+00:00', 'local': '2021-07-25T05:00:00+02:00'}",µg/m³,"{'latitude': 52.359714000013874, 'longitude': 4.866208000411839}",NL,
Amsterdam-Vondelpark,co,0.3311,"{'utc': '2021-08-31T23:00:00+00:00', 'local': '2021-09-01T01:00:00+02:00'}",µg/m³,"{'latitude': 52.359714000013874, 'longitude': 4.866208000411839}",NL,
Amsterdam-Vondelpark,co,0.3274,"{'utc': '2021-12-31T23:00:00+00:00', 'local': '2022-01-01T00:00:00+01:00'}",µg/m³,"{'latitude': 52.359714000013874, 'longitude': 4.866208000411839}",NL,
Amsterdam-Vondelpark,co,0.2184,"{'utc': '2022-05-31T23:00:00+00:00', 'local': '2022-06-01T01:00:00+02:00'}",µg/m³,"{'latitude': 52.359714000013874, 'longitude': 4.866208000411839}",NL,
Amsterdam-Vondelpark,co,0.0806,"{'utc': '2023-01-31T23:00:00+00:00', 'local': '2023-02-01T00:00:00+01:00'}",µg/m³,"{'latitude': 52.359714000013874, 'longitude': 4.866208000411839}",NL,
Amsterdam-Vondelpark,co,0.2414,"{'utc': '2023-02-28T03:00:00+00:00', 'local': '2023-02-28T04:00:00+01:00'}",µg/m³,"{'latitude': 52.359714000013874, 'longitude': 4.866208000411839}",NL,
Amsterdam-Vondelpark,co,0.2883,"{'utc': '2023-03-31T23:00:00+00:00', 'local': '2023-04-01T01:00:00+02:00'}",µg/m³,"{'latitude': 52.359714000013874, 'longitude': 4.866208000411839}",NL,
Amsterdam-Vondelpark,co,0.2993,"{'utc': '2023-04-30T23:00:00+00:00', 'local': '2023-05-01T01:00:00+02:00'}",µg/m³,"{'latitude': 52.359714000013874, 'longitude': 4.866208000411839}",NL,
Amsterdam-Vondelpark,co,0.2623,"{'utc': '2023-05-31T23:00:00+00:00', 'local': '2023-06-01T01:00:00+02:00'}",µg/m³,"{'latitude': 52.359714000013874, 'longitude': 4.866208000411839}",NL,
Amsterdam-Vondelpark,co,0.303,"{'utc': '2023-06-30T22:00:00+00:00', 'local': '2023-07-01T00:00:00+02:00'}",µg/m³,"{'latitude': 52.359714000013874, 'longitude': 4.866208000411839}",NL,
Amsterdam-Vondelpark,co,0.5155,"{'utc': '2023-08-31T23:00:00+00:00', 'local': '2023-09-01T01:00:00+02:00'}",µg/m³,"{'latitude': 52.359714000013874, 'longitude': 4.866208000411839}",NL,
Amsterdam-Vondelpark,co,0.3921,"{'utc': '2023-09-30T23:00:00+00:00', 'local': '2023-10-01T01:00:00+02:00'}",µg/m³,"{'latitude': 52.359714000013874, 'longitude': 4.866208000411839}",NL,
FR04012,co,531.0,"{'utc': '2021-01-04T13:00:00+00:00', 'local': '2021-01-04T14:00:00+01:00'}",µg/m³,"{'latitude': 48.8277822163547, 'longitude': 2.32749896854232}",FR,
Amsterdam-Vondelpark,no,0.9,"{'utc': '2022-10-31T17:00:00+00:00', 'local': '2022-10-31T18:00:00+01:00'}",µg/m³,"{'latitude': 52.359714000013874, 'longitude': 4.866208000411839}",NL,
Amsterdam-Vondelpark,no,5.2,"{'utc': '2022-11-30T21:00:00+00:00', 'local': '2022-11-30T22:00:00+01:00'}",µg/m³,"{'latitude': 52.359714000013874, 'longitude': 4.866208000411839}",NL,
Amsterdam-Vondelpark,no,-0.5,"{'utc': '2022-12-31T17:00:00+00:00', 'local': '2022-12-31T18:00:00+01:00'}",µg/m³,"{'latitude': 52.359714000013874, 'longitude': 4.866208000411839}",NL,
Amsterdam-Vondelpark,no,-0.2,"{'utc': '2023-01-31T17:00:00+00:00', 'local': '2023-01-31T18:00:00+01:00'}",µg/m³,"{'latitude': 52.359714000013874, 'longitude': 4.866208000411839}",NL,
Amsterdam-Vondelpark,no,-0.1,"{'utc': '2023-02-28T03:00:00+00:00', 'local': '2023-02-28T04:00:00+01:00'}",µg/m³,"{'latitude': 52.359714000013874, 'longitude': 4.866208000411839}",NL,
Amsterdam-Vondelpark,no,-0.7,"{'utc': '2023-03-31T23:00:00+00:00', 'local': '2023-04-01T01:00:00+02:00'}",µg/m³,"{'latitude': 52.359714000013874, 'longitude': 4.866208000411839}",NL,
Amsterdam-Vondelpark,no,-0.4,"{'utc': '2023-04-30T23:00:00+00:00', 'local': '2023-05-01T01:00:00+02:00'}",µg/m³,"{'latitude': 52.359714000013874, 'longitude': 4.866208000411839}",NL,
Amsterdam-Vondelpark,no,-0.5,"{'utc': '2023-05-31T23:00:00+00:00', 'local': '2023-06-01T01:00:00+02:00'}",µg/m³,"{'latitude': 52.359714000013874, 'longitude': 4.866208000411839}",NL,
Amsterdam-Vondelpark,no,-0.6,"{'utc': '2023-06-30T22:00:00+00:00', 'local': '2023-07-01T00:00:00+02:00'}",µg/m³,"{'latitude': 52.359714000013874, 'longitude': 4.866208000411839}",NL,
Amsterdam-Vondelpark,no,-0.8,"{'utc': '2023-07-31T23:00:00+00:00', 'local': '2023-08-01T01:00:00+02:00'}",µg/m³,"{'latitude': 52.359714000013874, 'longitude': 4.866208000411839}",NL,
Amsterdam-Vondelpark,no,-0.5,"{'utc': '2023-08-31T23:00:00+00:00', 'local': '2023-09-01T01:00:00+02:00'}",µg/m³,"{'latitude': 52.359714000013874, 'longitude': 4.866208000411839}",NL,
Amsterdam-Vondelpark,no,-0.5,"{'utc': '2023-09-30T23:00:00+00:00', 'local': '2023-10-01T01:00:00+02:00'}",µg/m³,"{'latitude': 52.359714000013874, 'longitude': 4.866208000411839}",NL,
FR04012,no,8.3,"{'utc': '2023-03-31T23:00:00+00:00', 'local': '2023-04-01T01:00:00+02:00'}",µg/m³,"{'latitude': 48.8277822163547, 'longitude': 2.32749896854232}",FR,
FR04012,no,48.8,"{'utc': '2023-04-30T23:00:00+00:00', 'local': '2023-05-01T01:00:00+02:00'}",µg/m³,"{'latitude': 48.8277822163547, 'longitude': 2.32749896854232}",FR,
FR04012,no,9.9,"{'utc': '2023-05-31T23:00:00+00:00', 'local': '2023-06-01T01:00:00+02:00'}",µg/m³,"{'latitude': 48.8277822163547, 'longitude': 2.32749896854232}",FR,
FR04012,no,12.6,"{'utc': '2023-06-14T03:00:00+00:00', 'local': '2023-06-14T05:00:00+02:00'}",µg/m³,"{'latitude': 48.8277822163547, 'longitude': 2.32749896854232}",FR,
FR04012,no,29.1,"{'utc': '2023-08-31T23:00:00+00:00', 'local': '2023-09-01T01:00:00+02:00'}",µg/m³,"{'latitude': 48.8277822163547, 'longitude': 2.32749896854232}",FR,
FR04012,no,62.1,"{'utc': '2023-09-30T23:00:00+00:00', 'local': '2023-10-01T01:00:00+02:00'}",µg/m³,"{'latitude': 48.8277822163547, 'longitude': 2.32749896854232}",FR,
FR04012,no,30.9,"{'utc': '2023-10-31T23:00:00+00:00', 'local': '2023-11-01T00:00:00+01:00'}",µg/m³,"{'latitude': 48.8277822163547, 'longitude': 2.32749896854232}",FR,
FR04012,no,29.5,"{'utc': '2023-11-30T23:00:00+00:00', 'local': '2023-12-01T00:00:00+01:00'}",µg/m³,"{'latitude': 48.8277822163547, 'longitude': 2.32749896854232}",FR,
FR04012,no,29.8,"{'utc': '2023-12-31T23:00:00+00:00', 'local': '2024-01-01T00:00:00+01:00'}",µg/m³,"{'latitude': 48.8277822163547, 'longitude': 2.32749896854232}",FR,
